k,model,larch,diff
5.000000000000000e-2,0.000000000000000e0,-3.004169364982455e-1,3.004169364982455e-1
1.000000000000000e-1,0.000000000000000e0,-3.028599019623773e-1,3.028599019623773e-1
1.500000000000000e-1,0.000000000000000e0,-3.053028674265091e-1,3.053028674265091e-1
2.000000000000000e-1,0.000000000000000e0,-3.086716147668306e-1,3.086716147668306e-1
2.500000000000000e-1,0.000000000000000e0,-3.129124878200045e-1,3.129124878200045e-1
3.000000000000000e-1,0.000000000000000e0,-3.179532062114368e-1,3.179532062114368e-1
3.500000000000000e-1,0.000000000000000e0,-3.237002129304355e-1,3.237002129304355e-1
4.000000000000000e-1,0.000000000000000e0,-3.300350931702580e-1,3.300350931702580e-1
4.500000000000000e-1,0.000000000000000e0,-3.368094875634737e-1,3.368094875634737e-1
5.000000000000000e-1,0.000000000000000e0,-3.438366516251072e-1,3.438366516251072e-1
5.500000000000000e-1,0.000000000000000e0,-3.508707890133191e-1,3.508707890133191e-1
6.000000000000001e-1,0.000000000000000e0,-3.574452979919543e-1,3.574452979919543e-1
6.500000000000000e-1,-3.491983609031817e-1,-3.501577306932779e-1,9.593697900961984e-4
7.000000000000001e-1,-3.396950119633946e-1,-3.405942413177491e-1,8.992293543544916e-4
7.500000000000000e-1,-3.292556241362941e-1,-3.300357874890825e-1,7.801633527884100e-4
8.000000000000000e-1,-3.178318891380741e-1,-3.183303142416022e-1,4.984251035280995e-4
8.500000000000001e-1,-3.052055993908445e-1,-3.053143758861092e-1,1.087764952647507e-4
9.000000000000000e-1,-2.902323086670041e-1,-2.908142127027583e-1,5.819040357542549e-4
9.500000000000001e-1,-2.741305066122910e-1,-2.746697006743047e-1,5.391940620136926e-4
1.000000000000000e0,-2.565778904604241e-1,-2.566904091810707e-1,1.125187206466038e-4
1.050000000000000e0,-2.360948707957810e-1,-2.366915795844709e-1,5.967087886899203e-4
1.100000000000000e0,-2.142513896276857e-1,-2.146150108471137e-1,3.636212194279842e-4
1.150000000000000e0,-1.899508178408731e-1,-1.903978999284350e-1,4.470820875618897e-4
1.200000000000000e0,-1.633841758024533e-1,-1.639657785887687e-1,5.816027863154716e-4
1.250000000000000e0,-1.352877938192326e-1,-1.354458407271037e-1,1.580469078711066e-4
1.300000000000000e0,-1.045072174908770e-1,-1.050901753780835e-1,5.829578872064978e-4
1.350000000000000e0,-7.308924154740068e-2,-7.321869693233499e-2,1.294553849343072e-4
1.400000000000000e0,-3.975379792458848e-2,-4.024892562746904e-2,4.951277028805642e-4
1.450000000000000e0,-6.412353456483361e-3,-6.700430123979782e-3,2.880766674964209e-4
1.500000000000000e0,2.718693409833110e-2,2.680692382766853e-2,3.800102706625653e-4
1.550000000000000e0,5.991054608797167e-2,5.961777704622420e-2,2.927690417474649e-4
1.600000000000000e0,9.105523531367131e-2,9.087616707522274e-2,1.790682384485709e-4
1.650000000000000e0,1.197398420275398e-1,1.195655016592855e-1,1.743403682543943e-4
1.700000000000000e0,1.448967051689082e-1,1.448409228968288e-1,5.578227207941877e-5
1.750000000000000e0,1.660691276104865e-1,1.659637995759865e-1,1.053280345000573e-4
1.800000000000000e0,1.822582861058053e-1,1.822495368952257e-1,8.749210579611644e-6
1.850000000000000e0,1.930151761640759e-1,1.931074963665654e-1,-9.232020248942097e-5
1.900000000000000e0,1.979212759540252e-1,1.979268769105310e-1,-5.600956505841248e-6
1.950000000000000e0,1.961065199345659e-1,1.963472264424164e-1,-2.407065078505188e-4
2.000000000000000e0,1.884247056346568e-1,1.884735806610938e-1,-4.887502643705077e-5
2.050000000000000e0,1.744067711204739e-1,1.746564628031881e-1,-2.496916827141871e-4
2.100000000000000e0,1.551804918425035e-1,1.554951523414868e-1,-3.146604989832658e-4
2.150000000000000e0,1.301967234596300e-1,1.316825343937293e-1,-1.485810934099302e-3
2.200000000000000e0,1.023695981914217e-1,1.040714544493425e-1,-1.701856257920756e-3
2.250000000000000e0,7.307760529358988e-2,7.400141872601719e-2,-9.238134324273117e-4
2.300000000000000e0,4.307821746050125e-2,4.302716422678934e-2,5.105323371190629e-5
2.350000000000000e0,1.351196146252312e-2,1.309155149630827e-2,4.204099662148512e-4
2.400000000000000e0,-1.253263018858248e-2,-1.310367525509092e-2,5.710450665084368e-4
2.450000000000000e0,-3.295384493975013e-2,-3.302927308564903e-2,7.542814589889951e-5
2.500000000000000e0,-4.741343887007212e-2,-4.640763667407481e-2,-1.005802195997316e-3
2.550000000000000e0,-5.857755193934153e-2,-5.581488933794546e-2,-2.762662601396071e-3
2.600000000000000e0,-6.582935515203633e-2,-6.316030171637775e-2,-2.669053435658583e-3
2.650000000000000e0,-6.926191710030548e-2,-6.841524811782886e-2,-8.466689824766227e-4
2.700000000000000e0,-6.972603701708860e-2,-7.020515977365513e-2,4.791227565665301e-4
2.750000000000000e0,-6.709414698228230e-2,-6.792518666129713e-2,8.310396790148222e-4
2.800000000000000e0,-6.152743108084417e-2,-6.218768247809864e-2,6.602513972544660e-4
2.850000000000000e0,-5.373934617283999e-2,-5.391038856201589e-2,1.710423891758961e-4
2.900000000000000e0,-4.398447628209316e-2,-4.402784078806626e-2,4.336450597310082e-5
2.950000000000000e0,-3.263767666487972e-2,-3.306749999586004e-2,4.298233309803223e-4
3.000000000000000e0,-2.077214698615164e-2,-2.139550839460681e-2,6.233614084551684e-4
3.050000000000000e0,-9.303049543195966e-3,-9.494087244318345e-3,1.910377011223787e-4
3.100000000000000e0,2.497580812287743e-3,1.986307935410877e-3,5.112728768768659e-4
3.150000000000000e0,1.314078641203213e-2,1.223227768008341e-2,9.085087319487192e-4
3.200000000000000e0,2.147296536178511e-2,2.061319465981407e-2,8.597707019710465e-4
3.250000000000000e0,2.698618938826624e-2,2.682767743475605e-2,1.585119535101910e-4
3.300000000000000e0,3.153636151438162e-2,3.080642829899852e-2,7.299332153831023e-4
3.350000000000000e0,3.350380817007133e-2,3.240420343293558e-2,1.099604737135745e-3
3.400000000000000e0,3.231725723832418e-2,3.145052796512837e-2,8.667292731958098e-4
3.450000000000000e0,2.800676664848346e-2,2.793031572819431e-2,7.645092028915265e-5
3.500000000000000e0,2.273274416477415e-2,2.208217948402324e-2,6.505646807509098e-4
3.550000000000000e0,1.518901702638021e-2,1.430805893604275e-2,8.809580903374626e-4
3.600000000000000e0,5.691728032863530e-3,5.071568423474790e-3,6.201596093887395e-4
3.650000000000000e0,-5.105145554847076e-3,-5.114776248795718e-3,9.630693948641661e-6
3.700000000000000e0,-1.541129414098124e-2,-1.569654914697634e-2,2.852550059951053e-4
3.750000000000000e0,-2.577608945812855e-2,-2.607612265720093e-2,3.000331990723817e-4
3.800000000000000e0,-3.550501434552959e-2,-3.566079301176169e-2,1.557786662320926e-4
3.850000000000000e0,-4.389655639591855e-2,-4.390194528857828e-2,5.388892659725919e-6
3.900000000000000e0,-5.023443701094575e-2,-5.031916717402932e-2,8.473016308357256e-5
3.950000000000000e0,-5.442233604283994e-2,-5.451108543180543e-2,8.874938896548390e-5
4.000000000000000e0,-5.611196948215846e-2,-5.616685805409583e-2,5.488857193737540e-5
4.050000000000000e0,-5.506965863573338e-2,-5.507776164441665e-2,8.103008683271740e-6
4.100000000000001e0,-5.113551920000868e-2,-5.116981200038889e-2,3.429280038021176e-5
4.150000000000000e0,-4.459099463761396e-2,-4.457573836426813e-2,-1.525627334583030e-5
4.200000000000000e0,-3.564337419179663e-2,-3.559125171731317e-2,-5.212247448346113e-5
4.250000000000000e0,-2.464484051915339e-2,-2.463226353660548e-2,-1.257698254791134e-5
4.300000000000000e0,-1.223998426142313e-2,-1.217229435385378e-2,-6.768990756935225e-5
4.350000000000001e0,1.258479713350642e-3,1.325784372530570e-3,-6.730465917992767e-5
4.400000000000000e0,1.531973427366163e-2,1.535716815824066e-2,-3.743388457902973e-5
4.450000000000000e0,2.937561194247524e-2,2.936615493296542e-2,9.457009509824393e-6
4.500000000000000e0,4.276758691916657e-2,4.274594134592042e-2,2.164557324615263e-5
4.550000000000000e0,5.486134223799236e-2,5.486448541991695e-2,-3.143181924583627e-6
4.600000000000001e0,6.510426843852829e-2,6.512292880250635e-2,-1.866036397805970e-5
4.650000000000000e0,7.296601970777372e-2,7.298261099723956e-2,-1.659128946583655e-5
4.700000000000000e0,7.787296452534598e-2,7.797359943831612e-2,-1.006349129701462e-4
4.750000000000000e0,7.956504249161518e-2,7.970604884231750e-2,-1.410063507023135e-4
4.800000000000001e0,7.783443000099062e-2,7.792979811745450e-2,-9.536811646387866e-5
4.850000000000001e0,7.254398825044242e-2,7.256811010372075e-2,-2.412185327832495e-5
4.900000000000000e0,6.368062985150964e-2,6.374292834357240e-2,-6.229849206275395e-5
4.950000000000000e0,5.172362183588739e-2,5.176424792215213e-2,-4.062608626474035e-5
5.000000000000000e0,3.707744159680799e-2,3.708679445097439e-2,-9.352854166401470e-6
5.050000000000001e0,2.026692238191084e-2,2.028890202940853e-2,-2.197964749768577e-5
5.100000000000001e0,1.952170816148651e-3,2.043620105910488e-3,-9.144928976183731e-5
5.150000000000000e0,-1.700989579757915e-2,-1.689608707626589e-2,-1.138087213132660e-4
5.200000000000000e0,-3.575983219198860e-2,-3.569114462319386e-2,-6.868756879474525e-5
5.250000000000000e0,-5.344184920049206e-2,-5.343881363381126e-2,-3.035566680804902e-6
5.300000000000001e0,-6.914433162747530e-2,-6.918674245826684e-2,4.241083079153940e-5
5.350000000000001e0,-8.189801064278987e-2,-8.199176590436191e-2,9.375526157204273e-5
5.400000000000000e0,-9.097560237245129e-2,-9.104752414147881e-2,7.192176902751091e-5
5.450000000000000e0,-9.573981344784095e-2,-9.576293313974685e-2,2.311969190589569e-5
5.500000000000000e0,-9.577002699560939e-2,-9.582510348764021e-2,5.507649203081999e-5
5.550000000000001e0,-9.111580576560233e-2,-9.117747200460113e-2,6.166623899880874e-5
5.600000000000001e0,-8.191570551860239e-2,-8.196131420674235e-2,4.560868813996422e-5
5.650000000000000e0,-6.846819447300656e-2,-6.850780851480594e-2,3.961404179937678e-5
5.700000000000000e0,-5.125253392504378e-2,-5.136344085249149e-2,1.109069274477098e-4
5.750000000000000e0,-3.124941797138702e-2,-3.134786704913027e-2,9.844907774324979e-5
5.800000000000001e0,-9.484780366745851e-3,-9.517892503830238e-3,3.311213708438732e-5
5.850000000000001e0,1.288776165058020e-2,1.290790471926332e-2,-2.014306868311673e-5
5.900000000000000e0,3.462018491047508e-2,3.467740318976290e-2,-5.721827928781287e-5
5.950000000000000e0,5.456082925429497e-2,5.462173699974320e-2,-6.090774544822986e-5
6.000000000000000e0,7.165377289203903e-2,7.168550683085380e-2,-3.173393881476805e-5
6.050000000000001e0,8.496068340951762e-2,8.497689966557199e-2,-1.621625605437160e-5
6.100000000000001e0,9.369973095049633e-2,9.380451620196921e-2,-1.047852514728803e-4
6.150000000000000e0,9.748997583644371e-2,9.771826242502329e-2,-2.282865885795821e-4
6.200000000000000e0,9.620275218884232e-2,9.655034700885455e-2,-3.475948200122314e-4
6.250000000000000e0,8.999378465965795e-2,9.042444162599965e-2,-4.306569663417026e-4
6.300000000000001e0,7.928785513747602e-2,7.974471058205626e-2,-4.568554445802397e-4
6.350000000000001e0,6.474714116072529e-2,6.516667031937531e-2,-4.195291586500255e-4
6.400000000000000e0,4.722583387501166e-2,4.755225752158828e-2,-3.264236465766179e-4
6.450000000000000e0,2.771454459319589e-2,2.791264198559455e-2,-1.980973923986634e-4
6.500000000000000e0,7.278606333014379e-3,7.343161939455978e-3,-6.455560644159919e-5
6.550000000000001e0,-1.306788312275481e-2,-1.304480497806292e-2,-2.307814469189144e-5
6.600000000000001e0,-3.221906061939370e-2,-3.219083999017847e-2,-2.822062921522400e-5
6.650000000000000e0,-4.912854153331825e-2,-4.914553666907882e-2,1.699513576057521e-5
6.700000000000000e0,-6.302982568606752e-2,-6.311887298760602e-2,8.904730153849738e-5
6.750000000000000e0,-7.335243896455468e-2,-7.351619187007080e-2,1.637529055161235e-4
6.800000000000001e0,-7.974006304182819e-2,-7.995986094812153e-2,2.197979062933397e-4
6.850000000000001e0,-8.205476651784185e-2,-8.229629580956938e-2,2.415292917275214e-4
6.900000000000000e0,-8.036842156988430e-2,-8.058919906344893e-2,2.207774935646251e-4
6.950000000000000e0,-7.494320365898834e-2,-7.510081705469535e-2,1.576133957070097e-4
7.000000000000000e0,-6.620364227331556e-2,-6.626371511773414e-2,6.007284441858496e-5
7.050000000000001e0,-5.459940946338553e-2,-5.464597211380164e-2,4.656265041611679e-5
7.100000000000001e0,-4.079147483571333e-2,-4.091261535907783e-2,1.211405233644963e-4
7.150000000000000e0,-2.562561221099070e-2,-2.578621339315133e-2,1.606011821606301e-4
7.200000000000000e0,-9.843917660161627e-3,-1.000961466334053e-2,1.656970031789044e-4
7.250000000000000e0,5.829932063587435e-3,5.687694874403858e-3,1.422371891835767e-4
7.300000000000001e0,2.071835821673546e-2,2.061852607306291e-2,9.983214367255064e-5
7.350000000000001e0,3.421216022441310e-2,3.416169392849584e-2,5.046629591726193e-5
7.400000000000000e0,4.578754733005702e-2,4.578052771482832e-2,7.019615228698317e-6
7.450000000000000e0,5.501845248403645e-2,5.503661933270341e-2,-1.816684866696311e-5
7.500000000000000e0,6.158486823272165e-2,6.159947819025628e-2,-1.460995753462674e-5
7.550000000000001e0,6.524267464136155e-2,6.525281269187035e-2,-1.013805050879835e-5
7.600000000000001e0,6.585210256250768e-2,6.589806180341043e-2,-4.595924090275427e-5
7.650000000000000e0,6.346373520351814e-2,6.355572798545993e-2,-9.199278194178817e-5
7.700000000000000e0,5.822829208897003e-2,5.836432872040654e-2,-1.360366314365064e-4
7.750000000000000e0,5.040877079809791e-2,5.057668810277387e-2,-1.679173046759616e-4
7.800000000000001e0,4.037277531875717e-2,4.055322392412655e-2,-1.804486053693793e-4
7.850000000000001e0,2.858153591566781e-2,2.875166014355713e-2,-1.701242278893123e-4
7.900000000000000e0,1.557511483119511e-2,1.571260818020697e-2,-1.374933490118600e-4
7.950000000000000e0,1.953458858162302e-3,2.040635690074977e-3,-8.717683191267417e-5
8.000000000000000e0,-1.164673142735089e-2,-1.161923358825463e-2,-2.749783909626602e-5
8.050000000000001e0,-2.462961146047463e-2,-2.460916373588093e-2,-2.044772459370084e-5
8.100000000000000e0,-3.632848048783674e-2,-3.628880069227626e-2,-3.967979556047940e-5
8.150000000000000e0,-4.610637796099417e-2,-4.606846109828023e-2,-3.791686271394090e-5
8.200000000000001e0,-5.346447037269439e-2,-5.344319014553962e-2,-2.128022715476574e-5
8.250000000000000e0,-5.802144090527036e-2,-5.802394625834032e-2,2.505353069962024e-6
8.300000000000001e0,-5.953846857148080e-2,-5.956400130884991e-2,2.553273736910500e-5
8.350000000000000e0,-5.793719855001068e-2,-5.797824662570020e-2,4.104807568951901e-5
8.400000000000000e0,-5.330888128343401e-2,-5.335341712962859e-2,4.453584619457107e-5
8.450000000000001e0,-4.591340262336865e-2,-4.594781832001561e-2,3.441569664695832e-5
8.500000000000000e0,-3.616763733612088e-2,-3.617989765830226e-2,1.226032218137191e-5
8.550000000000001e0,-2.459530048931392e-2,-2.460583248218271e-2,1.053199286879872e-5
8.600000000000000e0,-1.185980646839407e-2,-1.188655892518760e-2,2.675245679352803e-5
8.650000000000000e0,1.289957768951806e-3,1.252149569892617e-3,3.780819905918869e-5
8.700000000000001e0,1.410561769290349e-2,1.406354259587437e-2,4.207509702911644e-5
8.750000000000000e0,2.586536655730074e-2,2.582610436815986e-2,3.926218914088175e-5
8.800000000000001e0,3.591898312663109e-2,3.588847223560181e-2,3.051089102928256e-5
8.850000000000000e0,4.372808309814372e-2,4.370980205862922e-2,1.828103951449778e-5
8.900000000000000e0,4.889867825250485e-2,4.889264819318998e-2,6.030059314869607e-6
8.950000000000001e0,5.120370723128879e-2,5.120598732031820e-2,-2.280089029402244e-6
9.000000000000000e0,5.059398936538503e-2,5.059677865335512e-2,-2.789287970081378e-6
9.050000000000001e0,4.718714820358908e-2,4.718936501786623e-2,-2.216814277151979e-6
9.100000000000000e0,4.126679303142348e-2,4.127336919480561e-2,-6.576163382128464e-6
9.150000000000000e0,3.327177500024790e-2,3.328099287909089e-2,-9.217878842997240e-6
9.200000000000001e0,2.374558501719455e-2,2.375442166148617e-2,-8.836644291611295e-6
9.250000000000000e0,1.330093621084101e-2,1.330663439539874e-2,-5.698184557728636e-6
9.300000000000001e0,2.577769048672776e-3,2.578933644436964e-3,-1.164595764188096e-6
9.350000000000000e0,-7.798553295367355e-3,-7.801506838576524e-3,2.953543209168602e-6
9.400000000000000e0,-1.725585245851822e-2,-1.726093010848120e-2,5.077649962974967e-6
9.450000000000001e0,-2.530794546172513e-2,-2.531238596777028e-2,4.440506045151615e-6
9.500000000000000e0,-3.157965963018407e-2,-3.158111769657664e-2,1.458066392567847e-6
9.550000000000001e0,-3.582235660851261e-2,-3.582065422478199e-2,-1.702383730622925e-6
9.600000000000001e0,-3.792676964965881e-2,-3.791928905386622e-2,-7.480595792593026e-6
9.650000000000000e0,-3.790938451079114e-2,-3.789565765274304e-2,-1.372685804810342e-5
9.700000000000001e0,-3.590393902807513e-2,-3.588634825141755e-2,-1.759077665757641e-5
9.750000000000000e0,-3.214539344122772e-2,-3.212780033956540e-2,-1.759310166232070e-5
9.800000000000001e0,-2.694750011146618e-2,-2.693374608299488e-2,-1.375402847130641e-5
9.850000000000001e0,-2.067765565878801e-2,-2.067022516148691e-2,-7.430497301102318e-6
9.900000000000000e0,-1.373108339165208e-2,-1.373016067368768e-2,-9.227179643914868e-7
9.950000000000001e0,-6.506200704752087e-3,-6.509267104854669e-3,3.066400102582495e-6
1.000000000000000e1,6.173050123482390e-4,6.152789012362301e-4,2.026111112008941e-6
1.005000000000000e1,7.323234137911071e-3,7.302358590583296e-3,2.087554732777518e-5
1.010000000000000e1,1.331457307231575e-2,1.325972964240328e-2,5.484342991247081e-5
1.015000000000000e1,1.833849785463354e-2,1.825308506849581e-2,8.541278613772782e-5
1.020000000000000e1,2.221970875381894e-2,2.211118322356765e-2,1.085255302512959e-4
1.025000000000000e1,2.484844724757783e-2,2.472689265424967e-2,1.215545933281638e-4
1.030000000000000e1,2.617842966857075e-2,2.605511906886627e-2,1.233105997044785e-4
1.035000000000000e1,2.622234537739588e-2,2.610840712617058e-2,1.139382512252950e-4
1.040000000000000e1,2.504572144779711e-2,2.495099023307391e-2,9.473121472319823e-5
1.045000000000000e1,2.275985340554801e-2,2.269196134851711e-2,6.789205703089732e-5
1.050000000000000e1,1.951433639524643e-2,1.947807689616761e-2,3.625949907882370e-5
1.055000000000000e1,1.548953626762017e-2,1.548651581173615e-2,3.020455884017448e-6
1.060000000000000e1,1.088914893546780e-2,1.091772869919564e-2,-2.857976372784045e-5
1.065000000000000e1,5.932838580410636e-3,5.988356868860783e-3,-5.551828845014751e-5
1.070000000000000e1,8.488431931221183e-4,9.240996723423827e-4,-7.525647922026438e-5
1.075000000000000e1,-4.133598016368423e-3,-4.047626250061810e-3,-8.597176630661257e-5
1.080000000000000e1,-8.792105017537532e-3,-8.705358193318769e-3,-8.674682421876308e-5
1.085000000000000e1,-1.291931836175107e-2,-1.284161674919462e-2,-7.770161255644080e-5
1.090000000000000e1,-1.633123561016335e-2,-1.627118251850052e-2,-6.005309166283446e-5
1.095000000000000e1,-1.887543924988304e-2,-1.883935058800270e-2,-3.608866188033535e-5
1.100000000000000e1,-2.043878379785987e-2,-2.042974061629809e-2,-9.043181561779745e-6
1.105000000000000e1,-2.098709126776106e-2,-2.097111932397222e-2,-1.597194378883879e-5
1.110000000000000e1,-2.047721831550625e-2,-2.044261908193109e-2,-3.459923357515549e-5
1.115000000000000e1,-1.892169093723231e-2,-1.887677581293924e-2,-4.491512429306496e-5
1.120000000000000e1,-1.640568525849711e-2,-1.635986214076925e-2,-4.582311772786604e-5
1.125000000000000e1,-1.306652273742673e-2,-1.302913588531016e-2,-3.738685211657038e-5
1.130000000000000e1,-9.087627734628274e-3,-9.066864128071334e-3,-2.076360655694012e-5
1.135000000000000e1,-4.689275345040681e-3,-4.691240978768427e-3,1.965633727746101e-6
1.140000000000000e1,-1.165394717391206e-4,-1.445949023572931e-4,2.805543061817255e-5
1.145000000000000e1,4.374875492156894e-3,4.320454723196527e-3,5.442076896036707e-5
1.150000000000000e1,8.534007497082153e-3,8.456011404361636e-3,7.799609272051734e-5
1.155000000000000e1,1.213014501575748e-2,1.203405287472282e-2,9.609214103465519e-5
1.160000000000000e1,1.496733473973177e-2,1.486062176532719e-2,1.067129744045815e-4
1.165000000000000e1,1.689678721063114e-2,1.678798884481127e-2,1.087983658198746e-4
1.170000000000000e1,1.782621384586831e-2,1.772385037507346e-2,1.023634707948452e-4
1.175000000000000e1,1.772535413104633e-2,1.763683630385892e-2,8.851782718741555e-5
1.180000000000000e1,1.662724746019813e-2,1.655788917865322e-2,6.935828154491439e-5
1.185000000000000e1,1.462514308168207e-2,1.457739900690658e-2,4.774407477549196e-5
1.190000000000000e1,1.186529231824356e-2,1.183831677503229e-2,2.697554321127657e-5
1.195000000000000e1,8.536197023475991e-3,8.525787835432275e-3,1.040918804371543e-5
1.200000000000000e1,4.855166706066986e-3,4.854116812889405e-3,1.049893177581737e-6
1.205000000000000e1,1.046830165940458e-3,1.052064474702776e-3,-5.234308762318025e-6
1.210000000000000e1,-2.671508209183838e-3,-2.652463426366250e-3,-1.904478281758827e-5
1.215000000000000e1,-6.083875343702552e-3,-6.046951107058132e-3,-3.692423664442002e-5
1.220000000000000e1,-9.002169898141931e-3,-8.947141658624402e-3,-5.502823951752944e-5
1.225000000000000e1,-1.127735369036881e-2,-1.120748348649864e-2,-6.987020387016867e-5
1.230000000000000e1,-1.280722029269028e-2,-1.272845816555719e-2,-7.876212713308663e-5
1.235000000000000e1,-1.354053086492761e-2,-1.346042014195473e-2,-8.011072297287730e-5
1.240000000000000e1,-1.347741070700745e-2,-1.340386655696342e-2,-7.354415004403279e-5
1.245000000000000e1,-1.266620171615076e-2,-1.260633406837283e-2,-5.986764777792669e-5
1.250000000000000e1,-1.119723386852147e-2,-1.115636598434161e-2,-4.086788417985605e-5
1.255000000000000e1,-9.194190770330313e-3,-9.175187672835865e-3,-1.900309749444835e-5
1.260000000000000e1,-6.803884534393614e-3,-6.806857230623699e-3,2.972696230085260e-6
1.265000000000000e1,-4.185315791435312e-3,-4.207714771755740e-3,2.239898032042800e-5
1.270000000000000e1,-1.498875722219570e-3,-1.535937536557823e-3,3.706181433825364e-5
1.275000000000000e1,1.103543590585718e-3,1.058073841363182e-3,4.546974922253581e-5
1.280000000000000e1,3.486912256608330e-3,3.439887640553301e-3,4.702461605502872e-5
1.285000000000000e1,5.539467714973173e-3,5.497393321000198e-3,4.207439397297535e-5
1.290000000000000e1,7.176935086871892e-3,7.145084565856943e-3,3.185052101494900e-5
1.295000000000000e1,8.344537223203576e-3,8.326232021603229e-3,1.830520160034724e-5
1.300000000000000e1,9.016948136464286e-3,9.013074121423440e-3,3.874015040846238e-6
1.305000000000000e1,9.211919750749005e-3,9.205291975930155e-3,6.627774818850074e-6
1.310000000000000e1,8.938976680438315e-3,8.927164167346876e-3,1.181251309143906e-5
1.315000000000000e1,8.236343091932599e-3,8.223804933539193e-3,1.253815839340547e-5
1.320000000000000e1,7.166218283957006e-3,7.156761502240076e-3,9.456781716929603e-6
1.325000000000000e1,5.802882961741044e-3,5.799403831750808e-3,3.479129990236265e-6
1.330000000000000e1,4.228091727447907e-3,4.232447376886653e-3,-4.355649438745994e-6
1.335000000000000e1,2.526848802906531e-3,2.539839825621324e-3,-1.299102271479311e-5
1.340000000000000e1,7.837070535469573e-4,8.051485986428118e-4,-2.144154509585449e-5
1.345000000000000e1,-9.203609431323983e-4,-8.915021848384764e-4,-2.885875829392189e-5
1.350000000000000e1,-2.510544623670535e-3,-2.475968066201228e-3,-3.457655746930740e-5
1.355000000000000e1,-3.920303337806008e-3,-3.882164293975624e-3,-3.813904383038417e-5
1.360000000000000e1,-5.093094145043389e-3,-5.053780223639464e-3,-3.931392140392453e-5
1.365000000000000e1,-5.983806472524893e-3,-5.945712562378935e-3,-3.809391014595806e-5
1.370000000000000e1,-6.559961613977261e-3,-6.525273849625062e-3,-3.468776435219898e-5
1.375000000000000e1,-6.802691627365772e-3,-6.773190012935771e-3,-2.950161443000116e-5
1.380000000000000e1,-6.707463804890710e-3,-6.684353071111121e-3,-2.311073377958897e-5
1.385000000000000e1,-6.284473339733615e-3,-6.268251719093956e-3,-1.622162063965888e-5
1.390000000000000e1,-5.558596863762739e-3,-5.548972335890281e-3,-9.624527872458162e-6
1.395000000000000e1,-4.568789741127684e-3,-4.564652509074928e-3,-4.137232052755895e-6
1.400000000000000e1,-3.366823884054985e-3,-3.366282087129052e-3,-5.417969259325327e-7
