dataset,setup,config,points,pipeline_ms,pipeline_p95_ms,spectra_per_second,first_call_pipeline_ms,speedup_vs_larch,peak_rss_mib,incremental_peak_rss_mib,r_peak_shift_angstrom,r_peak_height_relative_difference,construct_ms,normalize_ms,autobk_ms,fft_ms,norm_relative_l2,norm_rmse,norm_max_abs,flat_relative_l2,flat_rmse,flat_max_abs,chi_relative_l2,chi_rmse,chi_max_abs,chir_mag_relative_l2,chir_mag_rmse,chir_mag_max_abs,fft_same_chi_relative_l2
cu,aligned_rounding,direct_cached,618,0.09913995999999997,0.105754454,10086.750085434776,0.37345799999999996,32.841896782420875,231.75,0.4375,4.440892098500626e-16,-0.033284483025289635,0.005217499999999999,0.01730412,0.06090502,0.015954900000000004,2.783275901973866e-06,1.9115128758382327e-06,2.810677300457698e-06,3.3132329489094626e-06,2.5919500699104354e-06,3.2690691542658357e-06,0.015291861551926559,0.0006545061108333361,0.0024455011030739687,0.0338762869677302,0.039394619364502885,0.1525834201672458,0.045428162602044464
cu,aligned_rounding,direct_two_pass,618,0.10541414000000002,0.107152422,9486.393381381282,0.367292,30.887168773879225,231.734375,0.4375,4.440892098500626e-16,-0.033284483025289635,0.005242459999999997,0.01828242,0.06500824000000001,0.0169025,2.783275901973866e-06,1.9115128758382327e-06,2.810677300457698e-06,3.3132329489094626e-06,2.5919500699104354e-06,3.2690691542658357e-06,0.015291861551926559,0.0006545061108333361,0.0024455011030739687,0.0338762869677302,0.039394619364502885,0.1525834201672458,0.045428162602044464
cu,aligned_rounding,direct_uncached,618,0.17699096,0.177846916,5650.006079406541,0.36833299999999997,18.396105277542613,231.625,0.4375,4.440892098500626e-16,-0.033284483025289635,0.005256740000000001,0.018307419999999998,0.13674912,0.01672668,2.783275901973866e-06,1.9115128758382327e-06,2.810677300457698e-06,3.3132329489094626e-06,2.5919500699104354e-06,3.2690691542658357e-06,0.015291861551926559,0.0006545061108333361,0.0024455011030739687,0.0338762869677302,0.039394619364502885,0.1525834201672458,0.045428162602044464
cu,aligned_rounding,dogleg,618,0.42288344,0.42363043399999994,2364.7178049819117,0.730541,7.699389537063294,232.171875,1.03125,4.440892098500626e-16,-0.03328469421935998,0.0053308999999999995,0.01862746,0.38194918,0.016933359999999998,2.783275901973866e-06,1.9115128758382327e-06,2.810677300457698e-06,3.3132329489094626e-06,2.5919500699104354e-06,3.2690691542658357e-06,0.01529045633349364,0.0006544459661577989,0.0024458123790968705,0.03387644251296852,0.03939480024753365,0.15258438832750087,0.0454277785941637
cu,aligned_rounding,larch,618,3.2559443333333333,3.294480433333333,307.13055802653463,28.931167,1.0,234.65625,3.46875,0.0,0.0,0.0012363333333333332,1.1561389999999998,1.9810136666666665,0.11156933333333334,0.0,0.0,0.0,0.0,0.0,0.0,0.0,0.0,0.0,0.0,0.0,0.0,0.0
cu,aligned_rounding,legacy_lm,618,1.2475824999999998,1.318909126,801.5501980830928,1.354708,2.6098028253308567,231.5625,0.421875,4.440892098500626e-16,-0.033284694220671485,0.005680739999999998,0.019060780000000003,1.2063191400000002,0.017052440000000002,2.783275901973866e-06,1.9115128758382327e-06,2.810677300457698e-06,3.3132329489094626e-06,2.5919500699104354e-06,3.2690691542658357e-06,0.015290456330928362,0.0006544459660480027,0.0024458123806424814,0.033876442513639075,0.039394800248313426,0.15258438833351295,0.045427778591594775
cu,aligned_rounding,shipped_default,618,0.10611752,0.10779158399999998,9423.514609086227,0.38945799999999997,30.682438991538184,231.75,0.515625,4.440892098500626e-16,-0.033284483025289635,0.005245840000000001,0.019022479999999998,0.0650142,0.01691824,2.783275901973866e-06,1.9115128758382327e-06,2.810677300457698e-06,3.3132329489094626e-06,2.5919500699104354e-06,3.2690691542658357e-06,0.015291861551926559,0.0006545061108333361,0.0024455011030739687,0.0338762869677302,0.039394619364502885,0.1525834201672458,0.045428162602044464
cu,fine_fft,direct_cached,618,0.21394155999999995,0.21447865,4674.173638819873,0.762667,26.415120091673643,231.75,0.40625,0.0,-0.045000864297797594,0.005429219999999999,0.0186283,0.1461517,0.04372412,2.783275901973866e-06,1.9115128758382327e-06,2.810677300457698e-06,3.3132329489094626e-06,2.5919500699104354e-06,3.2690691542658357e-06,0.0410244027714211,0.0018200570802353816,0.0062179707574747285,0.04797700497234434,0.054682557877184346,0.1959019341060726,0.05251614094338803
cu,fine_fft,direct_two_pass,618,0.32635332,0.32669722799999995,3064.163710667935,1.0951659999999999,17.31648386478802,231.859375,0.515625,0.0,-0.04503993062850342,0.005329179999999999,0.01850748,0.25867334,0.04369496,2.783275901973866e-06,1.9115128758382327e-06,2.810677300457698e-06,3.3132329489094626e-06,2.5919500699104354e-06,3.2690691542658357e-06,0.041288382754744675,0.0018317686130117515,0.006168809953366409,0.048331285309110926,0.055086354550844055,0.19607200127840674,0.05248720818925486
cu,fine_fft,direct_uncached,618,0.5174492,0.5303990279999999,1932.5568577553117,0.8328329999999999,10.921443109777734,231.84375,0.640625,0.0,-0.045000864297797594,0.0055791799999999996,0.018904199999999996,0.45002169999999997,0.04319661999999999,2.783275901973866e-06,1.9115128758382327e-06,2.810677300457698e-06,3.3132329489094626e-06,2.5919500699104354e-06,3.2690691542658357e-06,0.0410244027714211,0.0018200570802353816,0.0062179707574747285,0.04797700497234434,0.054682557877184346,0.1959019341060726,0.05251614094338803
cu,fine_fft,dogleg,618,25.713302,26.384807549999998,38.89037666185386,24.866833,0.2197808745061214,232.46875,1.234375,0.0,-0.04503988659851943,0.009489499999999998,0.0224275,25.630614749999996,0.045927249999999996,2.783275901973866e-06,1.9115128758382327e-06,2.810677300457698e-06,3.3132329489094626e-06,2.5919500699104354e-06,3.2690691542658357e-06,0.041282467216217304,0.0018315061687821513,0.006168412793880217,0.04833016224046605,0.055085074515414396,0.19607180960299875,0.05248735202970335
cu,fine_fft,larch,618,5.651292000000001,5.944148833333333,176.95068667483469,34.862916999999996,1.0,234.890625,3.578125,0.0,0.0,0.0013473333333333332,1.1870969999999998,4.2683469999999994,0.19468066666666664,0.0,0.0,0.0,0.0,0.0,0.0,0.0,0.0,0.0,0.0,0.0,0.0,0.0
cu,fine_fft,legacy_lm,618,5.6593906875,6.0443356562499995,176.69746713347044,5.963165999999999,0.9985689824316446,231.84375,0.6875,0.0,-0.04503988659951674,0.007044125,0.0198829375,5.587682312499999,0.045065125,2.783275901973866e-06,1.9115128758382327e-06,2.810677300457698e-06,3.3132329489094626e-06,2.5919500699104354e-06,3.2690691542658357e-06,0.04128246727847597,0.001831506171544271,0.006168412805915966,0.04833016226444991,0.05508507454275037,0.19607180960734016,0.05248735202584888
cu,fine_fft,shipped_default,618,0.21360833999999998,0.214663276,4681.46515253103,0.763417,26.45632656477739,231.890625,0.46875,0.0,-0.045000864297797594,0.00529914,0.01855336,0.14614746,0.04368085999999999,2.783275901973866e-06,1.9115128758382327e-06,2.810677300457698e-06,3.3132329489094626e-06,2.5919500699104354e-06,3.2690691542658357e-06,0.0410244027714211,0.0018200570802353816,0.0062179707574747285,0.04797700497234434,0.054682557877184346,0.1959019341060726,0.05251614094338803
cu,no_clamp,direct_cached,618,0.10301505999999999,0.103441648,9707.318522165595,0.370375,29.671768380273722,231.671875,0.421875,0.0,-0.04527169422881905,0.005300759999999999,0.018579199999999997,0.06298004,0.0162559,2.783275901973866e-06,1.9115128758382327e-06,2.810677300457698e-06,3.3132329489094626e-06,2.5919500699104354e-06,3.2690691542658357e-06,0.04051067753721448,0.0018064031281283704,0.0063002644019388805,0.0490788317090186,0.05593689137704474,0.19854044607735588,0.053050179444261304
cu,no_clamp,direct_two_pass,618,0.10261495999999999,0.1031549,9745.167761113975,0.385083,29.78745984016366,231.84375,0.421875,0.0,-0.04527169422881905,0.00524832,0.018454139999999997,0.06252496,0.016078400000000003,2.783275901973866e-06,1.9115128758382327e-06,2.810677300457698e-06,3.3132329489094626e-06,2.5919500699104354e-06,3.2690691542658357e-06,0.04051067753721448,0.0018064031281283704,0.0063002644019388805,0.0490788317090186,0.05593689137704474,0.19854044607735588,0.053050179444261304
cu,no_clamp,direct_uncached,618,0.17726837999999998,0.18636542399999997,5641.163979723852,0.42274999999999996,17.243001825819135,231.640625,0.46875,0.0,-0.04527169422881905,0.00556904,0.01885504,0.13606758,0.01627672,2.783275901973866e-06,1.9115128758382327e-06,2.810677300457698e-06,3.3132329489094626e-06,2.5919500699104354e-06,3.2690691542658357e-06,0.04051067753721448,0.0018064031281283704,0.0063002644019388805,0.0490788317090186,0.05593689137704474,0.19854044607735588,0.053050179444261304
cu,no_clamp,dogleg,618,0.43208504,0.4547361200000001,2314.3592289147527,0.7944169999999999,7.0741606791107605,232.1875,0.9375,0.0,-0.04527163897214004,0.005657519999999999,0.019510899999999998,0.38984905999999997,0.01706756,2.783275901973866e-06,1.9115128758382327e-06,2.810677300457698e-06,3.3132329489094626e-06,2.5919500699104354e-06,3.2690691542658357e-06,0.04050213166721501,0.0018060220610310491,0.006299512828984441,0.04907685204911932,0.05593463508819488,0.19854001681430677,0.05305042630100145
cu,no_clamp,larch,618,3.056639,3.094538733333333,327.15672344689705,29.917832999999998,1.0,234.6875,3.5,0.0,0.0,0.0011943333333333335,1.1513469999999997,1.7958336666666666,0.109875,0.0,0.0,0.0,0.0,0.0,0.0,0.0,0.0,0.0,0.0,0.0,0.0,0.0
cu,no_clamp,legacy_lm,618,1.2325533,1.2561518899999997,811.3239403115468,1.416042,2.4799243975899463,231.703125,0.40625,0.0,-0.04527163897199893,0.00560164,0.018674979999999997,1.19213498,0.016205820000000003,2.783275901973866e-06,1.9115128758382327e-06,2.810677300457698e-06,3.3132329489094626e-06,2.5919500699104354e-06,3.2690691542658357e-06,0.040502131647125746,0.0018060220601352531,0.006299512825721586,0.049076852042048154,0.05593463508013562,0.1985400168125251,0.053050426301971904
cu,no_clamp,shipped_default,618,0.10309422,0.10348788399999999,9699.86484208329,0.382625,29.64898517104063,231.890625,0.46875,0.0,-0.04527169422881905,0.00538598,0.018584939999999998,0.06281668000000001,0.01624748,2.783275901973866e-06,1.9115128758382327e-06,2.810677300457698e-06,3.3132329489094626e-06,2.5919500699104354e-06,3.2690691542658357e-06,0.04051067753721448,0.0018064031281283704,0.0063002644019388805,0.0490788317090186,0.05593689137704474,0.19854044607735588,0.053050179444261304
cu,standard,direct_cached,618,0.11993078,0.120773346,8338.143052183934,0.38070899999999996,31.51238850721502,231.6875,0.5,0.0,-0.04496966210374087,0.005239939999999999,0.018320839999999998,0.08007168000000002,0.016120060000000002,2.783275901973866e-06,1.9115128758382327e-06,2.810677300457698e-06,3.3132329489094626e-06,2.5919500699104354e-06,3.2690691542658357e-06,0.06205523395644069,0.002767089507298471,0.01295687900517076,0.05534191166779934,0.06307514867047961,0.24537529438188493,0.05356538165085423
cu,standard,direct_two_pass,618,0.19272164,0.193960232,5188.830896208646,0.5884579999999999,19.610176279806115,231.703125,0.46875,0.0,-0.04526902019068324,0.0058983399999999984,0.02037168,0.14781165999999998,0.01771836,2.783275901973866e-06,1.9115128758382327e-06,2.810677300457698e-06,3.3132329489094626e-06,2.5919500699104354e-06,3.2690691542658357e-06,0.04097097195335545,0.0018269264229271857,0.006451469131519823,0.04923918213516353,0.05611965036970983,0.19858801138967586,0.05301423700886875
cu,standard,direct_uncached,618,0.19152512000000002,0.19481496799999998,5221.247218119482,0.363917,19.732687458090787,231.640625,0.484375,0.0,-0.04496966210374087,0.00516666,0.018078399999999998,0.15248578000000002,0.015794279999999997,2.783275901973866e-06,1.9115128758382327e-06,2.810677300457698e-06,3.3132329489094626e-06,2.5919500699104354e-06,3.2690691542658357e-06,0.06205523395644069,0.002767089507298471,0.01295687900517076,0.05534191166779934,0.06307514867047961,0.24537529438188493,0.05356538165085423
cu,standard,dogleg,618,0.74372586,0.7463889759999999,1344.5814563984638,1.049166,5.081583869267815,232.3125,1.0,0.0,-0.04526914229001833,0.00528506,0.01863666,0.70354588,0.016267620000000003,2.783275901973866e-06,1.9115128758382327e-06,2.810677300457698e-06,3.3132329489094626e-06,2.5919500699104354e-06,3.2690691542658357e-06,0.04092066876137674,0.0018246833658015673,0.006437011982803839,0.04922253426705765,0.056100676201232824,0.19858294144156297,0.053017630268219346
cu,standard,larch,618,3.7793053333333333,3.8196205666666665,264.59889101312797,31.639667,1.0,234.734375,3.53125,0.0,0.0,0.0011943333333333335,1.161417,2.517903,0.10784733333333334,0.0,0.0,0.0,0.0,0.0,0.0,0.0,0.0,0.0,0.0,0.0,0.0,0.0
cu,standard,legacy_lm,618,1.8055988958333333,1.8111579666666666,553.832859727394,2.0524999999999998,2.0931034805429922,231.65625,0.515625,0.0,-0.04526914177624364,0.005558958333333332,0.018747416666666666,1.7643828124999998,0.01628897916666667,2.783275901973866e-06,1.9115128758382327e-06,2.810677300457698e-06,3.3132329489094626e-06,2.5919500699104354e-06,3.2690691542658357e-06,0.04092078972528781,0.0018246887596732478,0.006437051775612161,0.04922257677567745,0.05610072464982146,0.19858295491940403,0.05301762108706122
cu,standard,shipped_default,618,0.1195259,0.12056731999999998,8366.387536090504,0.382708,31.619133035880367,231.859375,0.53125,0.0,-0.04496966210374087,0.0052258800000000005,0.01838418,0.07989902,0.0161134,2.783275901973866e-06,1.9115128758382327e-06,2.810677300457698e-06,3.3132329489094626e-06,2.5919500699104354e-06,3.2690691542658357e-06,0.06205523395644069,0.002767089507298471,0.01295687900517076,0.05534191166779934,0.06307514867047961,0.24537529438188493,0.05356538165085423
cu_dense_32768,fine_fft,direct_cached,32768,2.1551006944444446,2.196093463888889,464.01544140274444,2.706541,22.035893630904713,239.296875,5.859375,0.0,-0.040788485293355214,0.24140283333333334,0.8376885555555557,1.0259619444444446,0.04783797222222222,2.058396832981355e-06,1.4098603877039327e-06,2.1158757377293114e-06,2.7106412964498027e-06,2.206915447185753e-06,2.485061580181913e-06,0.036239086928509,0.001616839569485661,0.006077004091642675,0.041853971463178985,0.04800346473976414,0.17948062293593914,0.05265087135797698
cu_dense_32768,fine_fft,direct_two_pass,32768,2.35575664,2.408988228,424.4920646811803,3.986833,20.158945478624084,237.640625,4.203125,0.0,-0.0408815560861403,0.21796828,0.7683515999999999,1.32553172,0.04384332,2.058396832981355e-06,1.4098603877039327e-06,2.1158757377293114e-06,2.7106412964498027e-06,2.206915447185753e-06,2.485061580181913e-06,0.03714607738586221,0.0016573057673092305,0.006068353210256816,0.04284084658253846,0.04913533880902421,0.17989016018023918,0.0525575853707553
cu_dense_32768,fine_fft,direct_uncached,32768,2.445911972222222,2.5364545694444445,408.84545779113,2.719667,19.415894850672093,237.734375,4.265625,0.0,-0.040788485293355214,0.23910638888888894,0.8274687777777777,1.3361702500000001,0.047350638888888893,2.058396832981355e-06,1.4098603877039327e-06,2.1158757377293114e-06,2.7106412964498027e-06,2.206915447185753e-06,2.485061580181913e-06,0.036239086928509,0.001616839569485661,0.006077004091642675,0.041853971463178985,0.04800346473976414,0.17948062293593914,0.05265087135797698
cu_dense_32768,fine_fft,dogleg,32768,123.18823566666667,132.03798896666666,8.117658269787109,119.186042,0.38550409793324764,237.546875,4.234375,0.0,-0.040881503726595714,0.24823599999999998,0.8026943333333332,122.10275,0.05218033333333333,2.058396832981355e-06,1.4098603877039327e-06,2.1158757377293114e-06,2.7106412964498027e-06,2.206915447185753e-06,2.485061580181913e-06,0.037140274224380564,0.0016570468540223102,0.006067944209328276,0.04283962962216672,0.04913394304388526,0.1798899297837533,0.05255773309854157
cu_dense_32768,fine_fft,larch,32768,47.48956966666666,50.4605957,21.057255456705235,73.414625,1.0,242.171875,8.65625,0.0,0.0,0.0022083333333333334,17.515166666666662,29.742069666666666,0.230125,0.0,0.0,0.0,0.0,0.0,0.0,0.0,0.0,0.0,0.0,0.0,0.0,0.0
cu_dense_32768,fine_fft,legacy_lm,32768,13.022345428571429,13.395276657142857,76.79108233498161,13.346458,3.646775454325845,237.09375,3.75,0.0,-0.04088150373078503,0.22039885714285715,0.7834522857142856,11.964797714285712,0.045160857142857135,2.058396832981355e-06,1.4098603877039327e-06,2.1158757377293114e-06,2.7106412964498027e-06,2.206915447185753e-06,2.485061580181913e-06,0.03714027447268261,0.00165704686510053,0.006067944260003304,0.04283962972211909,0.049133943158523374,0.17988992980218743,0.05255773308266126
cu_dense_32768,fine_fft,shipped_default,32768,1.9553704324324326,1.9787526243243245,511.4120493046551,2.681958,24.286738143826184,237.015625,3.578125,0.0,-0.040788485293355214,0.2193727297297297,0.7601194054054053,0.9340147027027026,0.04366213513513513,2.058396832981355e-06,1.4098603877039327e-06,2.1158757377293114e-06,2.7106412964498027e-06,2.206915447185753e-06,2.485061580181913e-06,0.036239086928509,0.001616839569485661,0.006077004091642675,0.041853971463178985,0.04800346473976414,0.17948062293593914,0.05265087135797698
cu_dense_32768,standard,direct_cached,32768,1.8745497560975608,1.8841737536585366,533.4614334707236,2.3890409999999997,22.711587246403063,237.234375,3.90625,0.0,-0.04011949121732983,0.22403363414634145,0.7658871219512194,0.8645620487804878,0.016474560975609755,2.058396832981355e-06,1.4098603877039327e-06,2.1158757377293114e-06,2.7106412964498027e-06,2.206915447185753e-06,2.485061580181913e-06,0.05714237907741192,0.0025573166171019308,0.012934521577188218,0.04653774281509602,0.053303461593484674,0.20339512214290517,0.05411551818053071
cu_dense_32768,standard,direct_two_pass,32768,2.1982773428571427,2.210389011428571,454.90165435644303,2.846,19.366983184205093,239.921875,6.359375,0.0,-0.04066487577947031,0.22299639999999998,0.7673630571428571,1.197185857142857,0.016510714285714285,2.058396832981355e-06,1.4098603877039327e-06,2.1158757377293114e-06,2.7106412964498027e-06,2.206915447185753e-06,2.485061580181913e-06,0.03605224301839647,0.0016134610011571489,0.006275833778768135,0.04311292569834331,0.04938074002160132,0.18020832767458383,0.053059829753563804
cu_dense_32768,standard,direct_uncached,32768,2.1246874749999995,2.1835431025,470.6574551629059,2.462333,20.037770652991377,239.40625,5.953125,0.0,-0.04011949121732983,0.23802807499999998,0.8336594500000001,1.02618035,0.01826765,2.058396832981355e-06,1.4098603877039327e-06,2.1158757377293114e-06,2.7106412964498027e-06,2.206915447185753e-06,2.485061580181913e-06,0.05714237907741192,0.0025573166171019308,0.012934521577188218,0.04653774281509602,0.053303461593484674,0.20339512214290517,0.05411551818053071
cu_dense_32768,standard,dogleg,32768,6.3595194,6.390982533333333,157.24458675289205,6.541042,6.694531088832489,237.609375,4.109375,0.0,-0.040664966512389045,0.22716386666666663,0.769525,5.3510444,0.016833399999999995,2.058396832981355e-06,1.4098603877039327e-06,2.1158757377293114e-06,2.7106412964498027e-06,2.206915447185753e-06,2.485061580181913e-06,0.03597406779181945,0.0016099623927827884,0.0062535788256637935,0.043085956146290946,0.049349849600299006,0.18020005590805255,0.05306507751873267
cu_dense_32768,standard,larch,32768,42.57400033333334,42.88380683333333,23.48851393269355,62.8625,1.0,241.9375,8.609375,0.0,0.0,0.0018609999999999998,16.536985666666663,25.909944666666664,0.13097233333333333,0.0,0.0,0.0,0.0,0.0,0.0,0.0,0.0,0.0,0.0,0.0,0.0,0.0
cu_dense_32768,standard,legacy_lm,32768,10.830976888888888,11.828304199999998,92.3277752559757,10.777583,3.9307627345238347,239.09375,5.40625,0.0,-0.04066496651224516,0.2565925555555555,0.901523111111111,9.569588000000001,0.021027555555555553,2.058396832981355e-06,1.4098603877039327e-06,2.1158757377293114e-06,2.7106412964498027e-06,2.206915447185753e-06,2.485061580181913e-06,0.03597406785370115,0.0016099623955522057,0.006253578844785397,0.04308595616834252,0.04934984962555647,0.18020005591496346,0.05306507751426362
cu_dense_32768,standard,shipped_default,32768,1.9681957906976741,2.0275867232558142,508.079533919502,2.3232079999999997,21.630978246448727,237.34375,3.484375,0.0,-0.04011949121732983,0.23393995348837213,0.8037567441860464,0.913098906976744,0.017400186046511626,2.058396832981355e-06,1.4098603877039327e-06,2.1158757377293114e-06,2.7106412964498027e-06,2.206915447185753e-06,2.485061580181913e-06,0.05714237907741192,0.0025573166171019308,0.012934521577188218,0.04653774281509602,0.053303461593484674,0.20339512214290517,0.05411551818053071
cu_dense_8192,fine_fft,direct_cached,8192,0.6246717,0.6301443459999999,1600.8408897025429,1.2360419999999999,22.650631790533595,232.109375,0.984375,0.0,-0.040916503607519084,0.05334248,0.19398082000000003,0.33414828,0.04387246,2.076017569624647e-06,1.4216159861773628e-06,2.132447407321436e-06,2.7322773218120965e-06,2.2198190839436013e-06,2.503110916651785e-06,0.037509570293987236,0.001675591705341145,0.006195368944866766,0.04234970940758307,0.04855948606675003,0.17998228514768932,0.05259729519795958
cu_dense_8192,fine_fft,direct_two_pass,8192,0.9781294680851065,1.003717344680851,1022.3595471034215,2.1037909999999997,14.465578564325138,232.6875,1.515625,0.0,-0.041001073834861845,0.0641205744680851,0.239476,0.6207385106382978,0.053794382978723396,2.076017569624647e-06,1.4216159861773628e-06,2.132447407321436e-06,2.7322773218120965e-06,2.2198190839436013e-06,2.503110916651785e-06,0.03822027435812335,0.001707339598625052,0.0061461663556531924,0.04322882502925259,0.049567507216804946,0.18035429011953674,0.052521708259231
cu_dense_8192,fine_fft,direct_uncached,8192,0.9045565999999998,0.9307194379999999,1105.514016480561,1.12775,15.64214850310823,232.296875,0.96875,0.0,-0.040916503607519084,0.0511192,0.18865328,0.6226883799999999,0.04280912,2.076017569624647e-06,1.4216159861773628e-06,2.132447407321436e-06,2.7322773218120965e-06,2.2198190839436013e-06,2.503110916651785e-06,0.037509570293987236,0.001675591705341145,0.006195368944866766,0.04234970940758307,0.04855948606675003,0.17998228514768932,0.05259729519795958
cu_dense_8192,fine_fft,dogleg,8192,35.774513999999996,39.64199026666667,27.952860519642563,33.149291999999996,0.39551085632265104,232.9375,1.765625,0.0,-0.041001022231078044,0.076861,0.230653,35.40240266666666,0.057292,2.076017569624647e-06,1.4216159861773628e-06,2.132447407321436e-06,2.7322773218120965e-06,2.2198190839436013e-06,2.503110916651785e-06,0.038214242759202356,0.0017070701607977792,0.006145754938183291,0.043227567298999174,0.04956606506441309,0.18035406312636493,0.052521855716798994
cu_dense_8192,fine_fft,larch,8192,14.149208666666667,14.622588833333332,70.67533058268089,43.385458,1.0,236.21875,5.0,0.0,0.0,0.0013606666666666665,4.505083,9.452180666666665,0.1904583333333333,0.0,0.0,0.0,0.0,0.0,0.0,0.0,0.0,0.0,0.0,0.0,0.0,0.0
cu_dense_8192,fine_fft,legacy_lm,8192,7.975034,8.019512436363636,125.3913149461181,8.570625,1.7741878801603437,232.46875,1.1875,0.0,-0.04100102223413482,0.060477090909090904,0.21441290909090907,7.6456100909090905,0.04941327272727272,2.076017569624647e-06,1.4216159861773628e-06,2.132447407321436e-06,2.7322773218120965e-06,2.2198190839436013e-06,2.503110916651785e-06,0.03821424294524034,0.0017070701691082905,0.00614575497547497,0.043227567375021266,0.04956606515158237,0.18035406313981106,0.05252185570518449
cu_dense_8192,fine_fft,shipped_default,8192,0.6833366799999999,0.6858143839999999,1463.4074670190398,1.329708,20.70605761521051,232.3125,0.984375,0.0,-0.040916503607519084,0.05738509999999999,0.21226167999999995,0.36510491999999994,0.0481717,2.076017569624647e-06,1.4216159861773628e-06,2.132447407321436e-06,2.7322773218120965e-06,2.2198190839436013e-06,2.503110916651785e-06,0.037509570293987236,0.001675591705341145,0.006195368944866766,0.04234970940758307,0.04855948606675003,0.17998228514768932,0.05259729519795958
cu_dense_8192,standard,direct_cached,8192,0.5251133399999999,0.5316647059999999,1904.350782632946,0.849583,23.724824815914985,231.8125,0.71875,0.0,-0.04018095988478576,0.053569139999999994,0.19288334000000007,0.2619508,0.01628498,2.076017569624647e-06,1.4216159861773628e-06,2.132447407321436e-06,2.7322773218120965e-06,2.2198190839436013e-06,2.503110916651785e-06,0.05825658256343659,0.002610106308548797,0.013016177249610624,0.04735855873371521,0.05420314429890981,0.2116003565305714,0.05403986804964875
cu_dense_8192,standard,direct_two_pass,8192,0.6433166399999999,0.6691251899999999,1554.4444800930382,1.10975,19.365614419673648,231.8125,0.6875,0.0,-0.04070334568845846,0.05373577999999999,0.1937659,0.3796066999999999,0.0163708,2.076017569624647e-06,1.4216159861773628e-06,2.132447407321436e-06,2.7322773218120965e-06,2.2198190839436013e-06,2.503110916651785e-06,0.03704518904879557,0.0016597589041951555,0.006349919608447069,0.0434547200588881,0.04973509593195904,0.18035961212185647,0.053024765590602055
cu_dense_8192,standard,direct_uncached,8192,0.5974791800000001,0.600927704,1673.698487702952,0.92025,20.851307320867644,232.015625,0.65625,0.0,-0.04018095988478576,0.05147418,0.19313422,0.33709002,0.01624252,2.076017569624647e-06,1.4216159861773628e-06,2.132447407321436e-06,2.7322773218120965e-06,2.2198190839436013e-06,2.503110916651785e-06,0.05825658256343659,0.002610106308548797,0.013016177249610624,0.04735855873371521,0.05420314429890981,0.2116003565305714,0.05403986804964875
cu_dense_8192,standard,dogleg,8192,2.154883461538462,2.163158053846154,464.06221860650317,2.534166,5.781390141212347,232.46875,1.28125,0.0,-0.04070346652741008,0.05491341025641024,0.1933108717948718,1.8901697948717953,0.016349307692307687,2.076017569624647e-06,1.4216159861773628e-06,2.132447407321436e-06,2.7322773218120965e-06,2.2198190839436013e-06,2.503110916651785e-06,0.03696976398875688,0.001656379587792322,0.006328821420724493,0.043428580442023794,0.04970517843736675,0.1803519145348016,0.053029676278451184
cu_dense_8192,standard,larch,8192,12.458222,13.909103866666664,80.26827584225101,36.315166999999995,1.0,235.75,4.625,0.0,0.0,0.0014306666666666667,4.640749666666667,7.876319333333332,0.12122233333333332,0.0,0.0,0.0,0.0,0.0,0.0,0.0,0.0,0.0,0.0,0.0,0.0,0.0
cu_dense_8192,standard,legacy_lm,8192,3.477916642857143,3.536783907142857,287.5284553049236,3.5091669999999997,3.5820933275058158,231.96875,0.75,0.0,-0.040703466527245324,0.05162507142857143,0.1890982142857143,3.220702321428571,0.015976285714285714,2.076017569624647e-06,1.4216159861773628e-06,2.132447407321436e-06,2.7322773218120965e-06,2.2198190839436013e-06,2.503110916651785e-06,0.036969764046426316,0.001656379590376122,0.00632882143850421,0.043428580462910524,0.04970517846127218,0.18035191454110322,0.053029676274354016
cu_dense_8192,standard,shipped_default,8192,0.58306508,0.6434111319999999,1715.0744133056296,0.9548749999999999,21.366777787481286,232.0,0.734375,0.0,-0.04018095988478576,0.060281640000000004,0.21408168,0.29176912,0.018158380000000002,2.076017569624647e-06,1.4216159861773628e-06,2.132447407321436e-06,2.7322773218120965e-06,2.2198190839436013e-06,2.503110916651785e-06,0.05825658256343659,0.002610106308548797,0.013016177249610624,0.04735855873371521,0.05420314429890981,0.2116003565305714,0.05403986804964875
ni,aligned_rounding,direct_cached,418,0.09414659999999998,0.097055354,10621.732489542906,0.33608299999999997,32.55723520551991,231.703125,0.46875,4.440892098500626e-16,-0.023718039927875467,0.0038992000000000002,0.013975059999999997,0.060006580000000004,0.01609912,3.1941548406171525e-10,2.3658689590655917e-10,3.203282084029979e-10,3.269916613751388e-10,2.871825535057783e-10,3.502151901813022e-10,0.009625042182051721,0.0003962133942129754,0.0014484764315394888,0.0290080332731448,0.030337291577488643,0.11259407304610036,0.03986846389927027
ni,aligned_rounding,direct_two_pass,418,0.09750409999999998,0.09884280799999999,10255.978979345486,0.37358399999999997,31.436144736477754,231.78125,0.453125,4.440892098500626e-16,-0.023718039927875467,0.00398906,0.014601799999999998,0.0621667,0.01674994,3.1941548406171525e-10,2.3658689590655917e-10,3.203282084029979e-10,3.269916613751388e-10,2.871825535057783e-10,3.502151901813022e-10,0.009625042182051721,0.0003962133942129754,0.0014484764315394888,0.0290080332731448,0.030337291577488643,0.11259407304610036,0.03986846389927027
ni,aligned_rounding,direct_uncached,418,0.17074331999999998,0.17108776,5856.744498115652,0.32725,17.951817968632685,231.640625,0.453125,4.440892098500626e-16,-0.023718039927875467,0.0040842,0.014632479999999998,0.13498745999999998,0.01677998,3.1941548406171525e-10,2.3658689590655917e-10,3.203282084029979e-10,3.269916613751388e-10,2.871825535057783e-10,3.502151901813022e-10,0.009625042182051721,0.0003962133942129754,0.0014484764315394888,0.0290080332731448,0.030337291577488643,0.11259407304610036,0.03986846389927027
ni,aligned_rounding,dogleg,418,0.41262750000000004,0.41279589999999994,2423.4933444814023,0.718,7.428377895317205,232.3125,0.984375,4.440892098500626e-16,-0.02371673671709873,0.004179079999999999,0.01475674,0.37683746000000007,0.01687252,3.1941548406171525e-10,2.3658689590655917e-10,3.203282084029979e-10,3.269916613751388e-10,2.871825535057783e-10,3.502151901813022e-10,0.009624090051557822,0.00039617419990633384,0.0014493083582903382,0.02900852285006772,0.030337803588686388,0.11259088341160206,0.03986582903534827
ni,aligned_rounding,larch,418,3.065153,3.1081613333333333,326.2479882733423,26.822042,1.0,234.828125,3.4375,0.0,0.0,0.0011803333333333334,1.055389,1.8989726666666666,0.10968066666666666,0.0,0.0,0.0,0.0,0.0,0.0,0.0,0.0,0.0,0.0,0.0,0.0,0.0
ni,aligned_rounding,legacy_lm,418,1.40347242,1.441428948,712.5184547623672,1.590708,2.183978079170234,231.90625,0.4375,4.440892098500626e-16,-0.02371673671507335,0.00436494,0.01493174,1.3676074599999999,0.0169242,3.1941548406171525e-10,2.3658689590655917e-10,3.203282084029979e-10,3.269916613751388e-10,2.871825535057783e-10,3.502151901813022e-10,0.009624090051209096,0.00039617419989197857,0.0014493083592558714,0.029008522850848886,0.03033780358950335,0.11259088340623702,0.039865829031093064
ni,aligned_rounding,shipped_default,418,0.09775661999999999,0.098483222,10229.486248603933,0.3625,31.35494046336709,231.703125,0.453125,4.440892098500626e-16,-0.023718039927875467,0.00409666,0.014734999999999998,0.061989140000000005,0.01695994,3.1941548406171525e-10,2.3658689590655917e-10,3.203282084029979e-10,3.269916613751388e-10,2.871825535057783e-10,3.502151901813022e-10,0.009625042182051721,0.0003962133942129754,0.0014484764315394888,0.0290080332731448,0.030337291577488643,0.11259407304610036,0.03986846389927027
ni,fine_fft,direct_cached,418,0.19472250000000002,0.20571488400000001,5135.513358754124,0.703333,26.905240363423157,231.671875,0.46875,-0.015339807878856249,-0.02338385813685573,0.00390584,0.013801600000000002,0.13603844,0.041084079999999995,3.1941548406171525e-10,2.3658689590655917e-10,3.203282084029979e-10,3.269916613751388e-10,2.871825535057783e-10,3.502151901813022e-10,0.08191579172953276,0.003493642377015915,0.010606859910528153,0.04236371144089584,0.043728107965502416,0.25221038046479377,0.04336542445659552
ni,fine_fft,direct_two_pass,418,0.3122125399999999,0.318471682,3202.946300619444,1.069042,16.780413966289334,231.75,0.421875,-0.015339807878856249,-0.022583551107519417,0.0042483,0.01518582,0.24997499999999997,0.042832499999999996,3.1941548406171525e-10,2.3658689590655917e-10,3.203282084029979e-10,3.269916613751388e-10,2.871825535057783e-10,3.502151901813022e-10,0.08979559735384861,0.003829709724599558,0.012739029674091273,0.045220480772970945,0.0466768844899531,0.2821339189880639,0.044902599926854254
ni,fine_fft,direct_uncached,418,0.56284584,0.623015166,1776.6854242007012,0.732167,9.308153839542753,231.84375,0.5,-0.015339807878856249,-0.02338385813685573,0.00487252,0.016871740000000003,0.49422745999999995,0.04753418000000001,3.1941548406171525e-10,2.3658689590655917e-10,3.203282084029979e-10,3.269916613751388e-10,2.871825535057783e-10,3.502151901813022e-10,0.08191579172953276,0.003493642377015915,0.010606859910528153,0.04236371144089584,0.043728107965502416,0.25221038046479377,0.04336542445659552
ni,fine_fft,dogleg,418,2.252521358974359,2.436334625641025,443.9469557151415,2.537333,2.3258628140388273,232.3125,1.15625,-0.015339807878856249,-0.022584258524662393,0.005549128205128206,0.01607684615384615,2.186328974358975,0.048551333333333335,3.1941548406171525e-10,2.3658689590655917e-10,3.203282084029979e-10,3.269916613751388e-10,2.871825535057783e-10,3.502151901813022e-10,0.08977677949934995,0.003828907158299057,0.012737393726911224,0.04521485052709149,0.04667107291227696,0.2820751713038574,0.04490130568211377
ni,fine_fft,larch,418,5.239055666666666,5.3708792999999995,190.87409327647916,26.999333,1.0,234.8125,3.453125,0.0,0.0,0.0011666666666666665,1.0354999999999999,4.011708333333334,0.18812500000000001,0.0,0.0,0.0,0.0,0.0,0.0,0.0,0.0,0.0,0.0,0.0,0.0,0.0
ni,fine_fft,legacy_lm,418,6.911458357142857,7.596343649999999,144.68726400796723,7.072958,0.7580246303954367,231.796875,0.640625,-0.015339807878856249,-0.022584260660932776,0.005515000000000001,0.01613092857142857,6.8469405,0.045136785714285706,3.1941548406171525e-10,2.3658689590655917e-10,3.203282084029979e-10,3.269916613751388e-10,2.871825535057783e-10,3.502151901813022e-10,0.08977675778156846,0.0038289062320532117,0.012737388174879133,0.045214842250191005,0.04667106436880459,0.2820750890881747,0.04490130112978333
ni,fine_fft,shipped_default,418,0.20667166000000006,0.206919054,4838.592770774666,0.6866669999999999,25.34965687441938,231.765625,0.4375,-0.015339807878856249,-0.02338385813685573,0.00419834,0.014656539999999997,0.14403006000000002,0.043754219999999996,3.1941548406171525e-10,2.3658689590655917e-10,3.203282084029979e-10,3.269916613751388e-10,2.871825535057783e-10,3.502151901813022e-10,0.08191579172953276,0.003493642377015915,0.010606859910528153,0.04236371144089584,0.043728107965502416,0.25221038046479377,0.04336542445659552
ni,no_clamp,direct_cached,418,0.09541258,0.09618660999999999,10480.798234362806,0.37024999999999997,30.95605771621869,231.71875,0.390625,4.440892098500626e-16,-0.02273278363213449,0.00399254,0.01453582,0.0606267,0.01615408,3.1941548406171525e-10,2.3658689590655917e-10,3.203282084029979e-10,3.269916613751388e-10,2.871825535057783e-10,3.502151901813022e-10,0.09057264166751339,0.0038759092669932646,0.013543797143516778,0.04593115134646503,0.04741816435491589,0.2741835490847666,0.04501127115493099
ni,no_clamp,direct_two_pass,418,0.09651332,0.10531402,10361.264123957191,0.367041,30.60300208648229,231.65625,0.421875,4.440892098500626e-16,-0.02273278363213449,0.0042815200000000005,0.014811659999999996,0.06113748,0.01637826,3.1941548406171525e-10,2.3658689590655917e-10,3.203282084029979e-10,3.269916613751388e-10,2.871825535057783e-10,3.502151901813022e-10,0.09057264166751339,0.0038759092669932646,0.013543797143516778,0.04593115134646503,0.04741816435491589,0.2741835490847666,0.04501127115493099
ni,no_clamp,direct_uncached,418,0.16622082,0.16682648999999997,6016.093531484203,0.33299999999999996,17.769117811675656,231.734375,0.4375,4.440892098500626e-16,-0.02273278363213449,0.00392178,0.014594119999999999,0.13168494,0.01599668,3.1941548406171525e-10,2.3658689590655917e-10,3.203282084029979e-10,3.269916613751388e-10,2.871825535057783e-10,3.502151901813022e-10,0.09057264166751339,0.0038759092669932646,0.013543797143516778,0.04593115134646503,0.04741816435491589,0.2741835490847666,0.04501127115493099
ni,no_clamp,dogleg,418,0.4018941999999999,0.40557404799999996,2488.217048168399,0.689792,7.349191238224721,232.3125,0.90625,4.440892098500626e-16,-0.022734429133992373,0.00411914,0.0148167,0.36687247999999995,0.016240059999999997,3.1941548406171525e-10,2.3658689590655917e-10,3.203282084029979e-10,3.269916613751388e-10,2.871825535057783e-10,3.502151901813022e-10,0.09053994384184483,0.00387451001658844,0.013540058090708698,0.04592159592676665,0.047408299580172494,0.27406497969705906,0.04500818400862234
ni,no_clamp,larch,418,2.953597333333333,2.993041633333333,338.5701865025158,26.071416,1.0,234.828125,3.578125,0.0,0.0,0.0011806666666666667,1.0739583333333333,1.7675416666666666,0.10975,0.0,0.0,0.0,0.0,0.0,0.0,0.0,0.0,0.0,0.0,0.0,0.0,0.0
ni,no_clamp,legacy_lm,418,2.19578924,2.2975536119999997,455.4171146225309,1.501375,1.3451187753034684,231.65625,0.515625,4.440892098500626e-16,-0.022734429136609613,0.0040783600000000005,0.0139892,2.1584109399999996,0.019310740000000003,3.1941548406171525e-10,2.3658689590655917e-10,3.203282084029979e-10,3.269916613751388e-10,2.871825535057783e-10,3.502151901813022e-10,0.09053994379429876,0.0038745100145537834,0.013540058084754402,0.04592159591421027,0.0474082995672096,0.2740649795347083,0.04500818400370066
ni,no_clamp,shipped_default,418,0.08865084,0.08997879799999998,11280.20896361501,0.345834,33.317195114376055,231.71875,0.453125,4.440892098500626e-16,-0.02273278363213449,0.003654959999999999,0.01350924,0.056432479999999986,0.015035880000000001,3.1941548406171525e-10,2.3658689590655917e-10,3.203282084029979e-10,3.269916613751388e-10,2.871825535057783e-10,3.502151901813022e-10,0.09057264166751339,0.0038759092669932646,0.013543797143516778,0.04593115134646503,0.04741816435491589,0.2741835490847666,0.04501127115493099
ni,standard,direct_cached,418,0.11522101999999998,0.11617331,8678.971944528874,0.381833,31.37195221265472,231.671875,0.453125,4.440892098500626e-16,-0.024468451667098767,0.00412344,0.014604139999999996,0.07963336000000001,0.01619592,3.1941548406171525e-10,2.3658689590655917e-10,3.203282084029979e-10,3.269916613751388e-10,2.871825535057783e-10,3.502151901813022e-10,0.07621594062556358,0.0032615258301933315,0.008771707792712429,0.0415700439904897,0.04291583904223933,0.22128689539194643,0.04225127031938202
ni,standard,direct_two_pass,418,0.16822341999999998,0.16893822199999997,5944.475507631459,0.5271669999999999,21.48754515473133,231.671875,0.453125,4.440892098500626e-16,-0.022787366315688673,0.00411758,0.01473248,0.13288918,0.01626742,3.1941548406171525e-10,2.3658689590655917e-10,3.203282084029979e-10,3.269916613751388e-10,2.871825535057783e-10,3.502151901813022e-10,0.09007344265989718,0.0038545330207622854,0.013409247895047915,0.045763985353700874,0.04724555571363226,0.272377852544709,0.04489995828764062
ni,standard,direct_uncached,418,0.18842753999999995,0.18879225599999996,5307.079846183845,0.389208,19.183545745666127,231.78125,0.421875,4.440892098500626e-16,-0.024468451667098767,0.004068319999999999,0.014786620000000002,0.15339329999999998,0.01619514,3.1941548406171525e-10,2.3658689590655917e-10,3.203282084029979e-10,3.269916613751388e-10,2.871825535057783e-10,3.502151901813022e-10,0.07621594062556358,0.0032615258301933315,0.008771707792712429,0.0415700439904897,0.04291583904223933,0.22128689539194643,0.04225127031938202
ni,standard,dogleg,418,0.73085916,0.739711812,1368.2526740172484,1.024167,4.945834342875765,232.203125,0.984375,4.440892098500626e-16,-0.02278620979810797,0.0041167,0.014747539999999998,0.6959858399999999,0.01618162,3.1941548406171525e-10,2.3658689590655917e-10,3.203282084029979e-10,3.269916613751388e-10,2.871825535057783e-10,3.502151901813022e-10,0.09006743369321805,0.0038542758777043392,0.013412619277640273,0.04576356309378503,0.0472451197834084,0.27235879377272015,0.044902889311949
ni,standard,larch,418,3.614708333333333,3.665126166666666,276.6474934584395,28.713791999999998,1.0,234.796875,3.515625,0.0,0.0,0.001194333333333333,1.0614999999999999,2.4443196666666664,0.10844466666666668,0.0,0.0,0.0,0.0,0.0,0.0,0.0,0.0,0.0,0.0,0.0,0.0,0.0
ni,standard,legacy_lm,418,2.065501886363636,2.3973259568181815,484.1438328388667,2.228833,1.7500387470945915,232.078125,0.5,4.440892098500626e-16,-0.022786265034420716,0.005104181818181818,0.01564875,2.029159954545454,0.016480136363636363,3.1941548406171525e-10,2.3658689590655917e-10,3.203282084029979e-10,3.269916613751388e-10,2.871825535057783e-10,3.502151901813022e-10,0.09006690888142696,0.003854253419315731,0.013412479113430952,0.0457633848075735,0.04724493572533141,0.27235683127235266,0.044902771509970164
ni,standard,shipped_default,418,0.12464907999999998,0.12510729,8022.522107664173,0.487542,28.999077516924583,231.640625,0.46875,4.440892098500626e-16,-0.024468451667098767,0.004585799999999999,0.01621574,0.08558335999999998,0.017824060000000003,3.1941548406171525e-10,2.3658689590655917e-10,3.203282084029979e-10,3.269916613751388e-10,2.871825535057783e-10,3.502151901813022e-10,0.07621594062556358,0.0032615258301933315,0.008771707792712429,0.0415700439904897,0.04291583904223933,0.22128689539194643,0.04225127031938202
ru,aligned_rounding,direct_cached,645,0.10984413999999998,0.113950712,9103.808359735896,0.369708,39.84307219301822,231.625,0.484375,2.220446049250313e-16,-0.06090033914713189,0.00503084,0.01890162,0.06968585999999999,0.01622582,2.2182712065248248e-07,1.769180327380531e-07,2.538455550205043e-07,2.269398431020985e-07,1.9939019352385843e-07,2.5494736366482584e-07,0.014507015018598277,0.00022989020796043995,0.0015300105676548867,0.06367089616743606,0.01283239907210047,0.05827346864095778,0.09273141704513083
ru,aligned_rounding,direct_two_pass,645,0.11478986,0.115586774,8711.570865231477,0.385333,38.12643381566978,231.828125,0.453125,2.220446049250313e-16,-0.06090033914713189,0.005396639999999999,0.019755,0.07279246,0.016887439999999997,2.2182712065248248e-07,1.769180327380531e-07,2.538455550205043e-07,2.269398431020985e-07,1.9939019352385843e-07,2.5494736366482584e-07,0.014507015018598277,0.00022989020796043995,0.0015300105676548867,0.06367089616743606,0.01283239907210047,0.05827346864095778,0.09273141704513083
ru,aligned_rounding,direct_uncached,645,0.19034746,0.20602108999999996,5253.550533324689,0.413583,22.992311008510434,231.71875,0.515625,2.220446049250313e-16,-0.06090033914713189,0.005848279999999999,0.020091679999999997,0.14719252,0.01698578,2.2182712065248248e-07,1.769180327380531e-07,2.538455550205043e-07,2.269398431020985e-07,1.9939019352385843e-07,2.5494736366482584e-07,0.014507015018598277,0.00022989020796043995,0.0015300105676548867,0.06367089616743606,0.01283239907210047,0.05827346864095778,0.09273141704513083
ru,aligned_rounding,dogleg,645,0.45071994,0.451397352,2218.672641818332,0.716417,9.7100829397519,232.234375,0.921875,2.220446049250313e-16,-0.06101840160516403,0.0053241999999999986,0.01977746,0.40860420000000003,0.01691326,2.2182712065248248e-07,1.769180327380531e-07,2.538455550205043e-07,2.269398431020985e-07,1.9939019352385843e-07,2.5494736366482584e-07,0.014508446016854772,0.00022991288474724653,0.0015262429462545926,0.06368324349129972,0.012834887584071062,0.05825859571337938,0.09271627441393566
ru,aligned_rounding,larch,645,4.3765279999999995,4.507652666666666,228.49162623888162,39.262167,1.0,235.078125,3.609375,0.0,0.0,0.0015136666666666666,1.4263893333333335,2.815125333333333,0.139264,0.0,0.0,0.0,0.0,0.0,0.0,0.0,0.0,0.0,0.0,0.0,0.0,0.0
ru,aligned_rounding,legacy_lm,645,1.4047083599999999,1.407889338,711.891541672038,1.60675,3.1156132650908406,231.890625,0.46875,2.220446049250313e-16,-0.061018401782570786,0.006069939999999999,0.02177164,1.3585258799999997,0.01836506,2.2182712065248248e-07,1.769180327380531e-07,2.538455550205043e-07,2.269398431020985e-07,1.9939019352385843e-07,2.5494736366482584e-07,0.014508446021393192,0.0002299128848191661,0.0015262429430146426,0.06368324351021451,0.012834887587883198,0.058258595697401105,0.0927162743897594
ru,aligned_rounding,shipped_default,645,0.10658843999999998,0.10787012400000001,9381.880436565169,0.37279199999999996,41.060062423279675,231.765625,0.46875,2.220446049250313e-16,-0.06090033914713189,0.0049101,0.01831006,0.06768256,0.01569506,2.2182712065248248e-07,1.769180327380531e-07,2.538455550205043e-07,2.269398431020985e-07,1.9939019352385843e-07,2.5494736366482584e-07,0.014507015018598277,0.00022989020796043995,0.0015300105676548867,0.06367089616743606,0.01283239907210047,0.05827346864095778,0.09273141704513083
ru,fine_fft,direct_cached,645,0.22509919999999997,0.22573737800000002,4442.485801815378,0.749875,23.310650000829263,231.875,0.421875,-0.9050486648525282,0.017864419315799074,0.00527504,0.019728299999999997,0.15663497999999998,0.04340748,2.2182712065248248e-07,1.769180327380531e-07,2.538455550205043e-07,2.269398431020985e-07,1.9939019352385843e-07,2.5494736366482584e-07,0.37382011014111705,0.006525473894349264,0.01701933551769082,0.27981525839638893,0.054571818331372306,0.3534774418520302,0.139970946161542
ru,fine_fft,direct_two_pass,645,0.34370745999999996,0.34497539,2909.4509615822712,1.18675,15.266496300856158,231.765625,0.484375,-0.9050486648525282,0.02520591767488023,0.005400839999999998,0.019885,0.27464744,0.04381752,2.2182712065248248e-07,1.769180327380531e-07,2.538455550205043e-07,2.269398431020985e-07,1.9939019352385843e-07,2.5494736366482584e-07,0.3767116810432369,0.0065759496978803275,0.017328656250423572,0.2823595454858705,0.05506802562766404,0.3576188684052545,0.142713708956899
ru,fine_fft,direct_uncached,645,0.5293132799999999,0.529751682,1889.2403379714942,0.7567079999999999,9.913238274820285,231.84375,0.4375,-0.9050486648525282,0.017864419315799074,0.00543914,0.01980666,0.46099248000000004,0.04296081999999999,2.2182712065248248e-07,1.769180327380531e-07,2.538455550205043e-07,2.269398431020985e-07,1.9939019352385843e-07,2.5494736366482584e-07,0.37382011014111705,0.006525473894349264,0.01701933551769082,0.27981525839638893,0.054571818331372306,0.3534774418520302,0.139970946161542
ru,fine_fft,dogleg,645,2.291185475,2.3332326075,436.4552808628468,2.4602079999999997,2.2901719323559635,232.3125,1.078125,-0.9050486648525282,0.025154904144953694,0.005815675,0.02035,2.221432325,0.04377289999999999,2.2182712065248248e-07,1.769180327380531e-07,2.538455550205043e-07,2.269398431020985e-07,1.9939019352385843e-07,2.5494736366482584e-07,0.37668914783181723,0.006575556353919192,0.017327697302528276,0.2823501534690133,0.055066193921127986,0.3575938585609545,0.14270665845836666
ru,fine_fft,larch,645,5.2472086666666655,5.290598666666666,190.57751721454954,34.068957999999995,1.0,234.984375,3.546875,0.0,0.0,0.0013613333333333333,1.2729443333333332,3.760097333333333,0.21051333333333333,0.0,0.0,0.0,0.0,0.0,0.0,0.0,0.0,0.0,0.0,0.0,0.0,0.0
ru,fine_fft,legacy_lm,645,5.71625494117647,5.724287511764706,174.9397132021877,5.646917,0.9179451792587001,231.8125,0.546875,-0.9050486648525282,0.025154899456574675,0.005791705882352942,0.020176411764705884,5.64515694117647,0.04373047058823529,2.2182712065248248e-07,1.769180327380531e-07,2.538455550205043e-07,2.269398431020985e-07,1.9939019352385843e-07,2.5494736366482584e-07,0.3766891459847752,0.006575556321676879,0.017327697105318902,0.2823501518467666,0.05506619360474441,0.35759385592046555,0.1427066567110898
ru,fine_fft,shipped_default,645,0.24822673999999995,0.248863792,4028.5748425008533,0.852208,21.138772827885774,231.703125,0.453125,-0.9050486648525282,0.017864419315799074,0.0059792000000000005,0.0218133,0.17256249999999998,0.04792161999999999,2.2182712065248248e-07,1.769180327380531e-07,2.538455550205043e-07,2.269398431020985e-07,1.9939019352385843e-07,2.5494736366482584e-07,0.37382011014111705,0.006525473894349264,0.01701933551769082,0.27981525839638893,0.054571818331372306,0.3534774418520302,0.139970946161542
ru,no_clamp,direct_cached,645,0.11161180000000001,0.112038258,8959.626132720732,0.407417,29.19270483347937,231.703125,0.5,-0.8897088569736717,0.026757578645381752,0.005200819999999999,0.01971664,0.07028248,0.01628662,2.2182712065248248e-07,1.769180327380531e-07,2.538455550205043e-07,2.269398431020985e-07,1.9939019352385843e-07,2.5494736366482584e-07,0.3818766246107544,0.006650069982652391,0.018364778763274393,0.29012258911703626,0.056882831423644614,0.35954320879054547,0.1549354531514836
ru,no_clamp,direct_two_pass,645,0.11148410000000002,0.11421807199999999,8969.888979684098,0.35462499999999997,29.2261437580187,231.828125,0.4375,-0.8897088569736717,0.026757578645381752,0.005310779999999999,0.01966416,0.0702858,0.016208359999999998,2.2182712065248248e-07,1.769180327380531e-07,2.538455550205043e-07,2.269398431020985e-07,1.9939019352385843e-07,2.5494736366482584e-07,0.3818766246107544,0.006650069982652391,0.018364778763274393,0.29012258911703626,0.056882831423644614,0.35954320879054547,0.1549354531514836
ru,no_clamp,direct_uncached,645,0.18374081999999997,0.18541723599999996,5442.448771046086,0.37337499999999996,17.7328605224105,231.875,0.453125,-0.8897088569736717,0.026757578645381752,0.005368279999999999,0.01996924,0.14230422,0.01613254,2.2182712065248248e-07,1.769180327380531e-07,2.538455550205043e-07,2.269398431020985e-07,1.9939019352385843e-07,2.5494736366482584e-07,0.3818766246107544,0.006650069982652391,0.018364778763274393,0.29012258911703626,0.056882831423644614,0.35954320879054547,0.1549354531514836
ru,no_clamp,dogleg,645,0.50462846,0.9589415639999996,1981.6559692253586,1.083375,6.456731222280514,232.3125,0.921875,-0.8897088569736717,0.026662031615891868,0.006284260000000001,0.022304139999999997,0.45778414000000006,0.018027480000000005,2.2182712065248248e-07,1.769180327380531e-07,2.538455550205043e-07,2.269398431020985e-07,1.9939019352385843e-07,2.5494736366482584e-07,0.38183562283331235,0.00664935597013675,0.01836291007595557,0.29010684266412545,0.056879744098286146,0.3594984549743606,0.154921072524918
ru,no_clamp,larch,645,3.2582503333333332,3.316450166666667,306.91318888839214,25.946125,1.0,234.890625,3.640625,0.0,0.0,0.0010973333333333332,1.1230553333333333,1.997153,0.10755533333333334,0.0,0.0,0.0,0.0,0.0,0.0,0.0,0.0,0.0,0.0,0.0,0.0,0.0
ru,no_clamp,legacy_lm,645,2.07274828,2.207250272,482.45125066513145,1.4896669999999999,1.571946948296748,231.65625,0.46875,-0.8897088569736717,0.02666203144514112,0.005857439999999999,0.02068916,2.0257075,0.020494179999999997,2.2182712065248248e-07,1.769180327380531e-07,2.538455550205043e-07,2.269398431020985e-07,1.9939019352385843e-07,2.5494736366482584e-07,0.38183562275623234,0.006649355968794465,0.018362910072550774,0.29010684263835357,0.05687974409323318,0.3594984548959548,0.1549210724985574
ru,no_clamp,shipped_default,645,0.11173079999999999,0.11305795799999997,8950.083593780766,0.38687499999999997,29.16161285279738,231.78125,0.40625,-0.8897088569736717,0.026757578645381752,0.005365839999999999,0.01967586,0.07036585999999999,0.01642822,2.2182712065248248e-07,1.769180327380531e-07,2.538455550205043e-07,2.269398431020985e-07,1.9939019352385843e-07,2.5494736366482584e-07,0.3818766246107544,0.006650069982652391,0.018364778763274393,0.29012258911703626,0.056882831423644614,0.35954320879054547,0.1549354531514836
ru,standard,direct_cached,645,0.1223408,0.130858692,8173.8880242731775,0.374625,28.191402622837185,231.671875,0.5,-0.8897088569736717,0.009452681042440236,0.0049315999999999995,0.01830588,0.08436664,0.014943319999999998,2.2182712065248248e-07,1.769180327380531e-07,2.538455550205043e-07,2.269398431020985e-07,1.9939019352385843e-07,2.5494736366482584e-07,0.375053306299393,0.006531210917501182,0.017605090343842604,0.28434076696780797,0.055748454776122176,0.3503578396353314,0.14783369073643546
ru,standard,direct_two_pass,645,0.19228672,0.193279004,5200.567153051444,0.560709,17.93654158747936,231.78125,0.5,-0.8897088569736717,0.02160584803809118,0.005144179999999999,0.01965238,0.15078838,0.01636578,2.2182712065248248e-07,1.769180327380531e-07,2.538455550205043e-07,2.269398431020985e-07,1.9939019352385843e-07,2.5494736366482584e-07,0.3798390369058961,0.006614550046794077,0.018138002373409276,0.2883991864949923,0.0565441571296274,0.35680506952779856,0.1528284280724963
ru,standard,direct_uncached,645,0.20678490000000005,0.20815223,4835.9430500002645,0.40558299999999997,16.678968096800098,231.8125,0.4375,-0.8897088569736717,0.009452681042440236,0.0052882599999999995,0.0198266,0.16549253999999997,0.016155720000000002,2.2182712065248248e-07,1.769180327380531e-07,2.538455550205043e-07,2.269398431020985e-07,1.9939019352385843e-07,2.5494736366482584e-07,0.375053306299393,0.006531210917501182,0.017605090343842604,0.28434076696780797,0.055748454776122176,0.3503578396353314,0.14783369073643546
ru,standard,dogleg,645,0.8205267,0.847963836,1218.7293844307565,1.0551249999999999,4.20334737431457,232.234375,1.03125,-0.8897088569736717,0.021511472005031784,0.00548172,0.01991416,0.7789041199999999,0.0162267,2.2182712065248248e-07,1.769180327380531e-07,2.538455550205043e-07,2.269398431020985e-07,1.9939019352385843e-07,2.5494736366482584e-07,0.3797985034055013,0.0066138441928904924,0.018136190344164416,0.288384087836839,0.056541196854636884,0.3567609108495142,0.15281450478031414
ru,standard,larch,645,3.4489587499999996,3.6161436499999997,289.942580496215,24.399957999999998,1.0,234.96875,3.5,0.0,0.0,0.00123975,1.158156,2.19002075,0.1106565,0.0,0.0,0.0,0.0,0.0,0.0,0.0,0.0,0.0,0.0,0.0,0.0,0.0
ru,standard,legacy_lm,645,1.8489053541666667,1.8574952541666667,540.8605679822465,2.07775,1.8654057884723387,231.953125,0.5625,-0.8897088569736717,0.021511447884398738,0.005465291666666666,0.01981504166666667,1.8074896666666664,0.01628029166666667,2.2182712065248248e-07,1.769180327380531e-07,2.538455550205043e-07,2.269398431020985e-07,1.9939019352385843e-07,2.5494736366482584e-07,0.3797984938927191,0.006613844027234077,0.01813618928871461,0.2883840798054258,0.056541195279980944,0.3567608980800975,0.15281449490563195
ru,standard,shipped_default,645,0.13447330000000002,0.141643492,7436.420464136746,0.430875,25.647907428463487,231.9375,0.4375,-0.8897088569736717,0.009452681042440236,0.005578359999999999,0.02006906,0.09191501999999999,0.016387560000000002,2.2182712065248248e-07,1.769180327380531e-07,2.538455550205043e-07,2.269398431020985e-07,1.9939019352385843e-07,2.5494736366482584e-07,0.375053306299393,0.006531210917501182,0.017605090343842604,0.28434076696780797,0.055748454776122176,0.3503578396353314,0.14783369073643546
